{
    "Total_Area_Mean": 1457.0357142857142,
    "Total_Area_Median": 1143.0,
    "Total_Area_Min": 100.0,
    "Total_Area_Max": 4329.0,
    "Total_Area_Range": 4229.0,
    "Total_Area_Std": 1067.72658124443,
    "Total_Area_Variance": 1140040.0522959183,
    "Total_Perimeter_Mean": 718.5251779896872,
    "Total_Perimeter_Median": 397.98989486694336,
    "Total_Perimeter_Min": 130.71067678928375,
    "Total_Perimeter_Max": 1712.4520003795624,
    "Total_Perimeter_Range": 1581.7413235902786,
    "Total_Perimeter_Std": 598.2609498843024,
    "Total_Perimeter_Variance": 357916.16415646777,
    "Avg_Centroid_X_Mean": 168.32880799061084,
    "Avg_Centroid_X_Median": 158.1163622579474,
    "Avg_Centroid_X_Min": 53.111748899248894,
    "Avg_Centroid_X_Max": 273.0710960073548,
    "Avg_Centroid_X_Range": 219.95934710810593,
    "Avg_Centroid_X_Std": 70.2296106232876,
    "Avg_Centroid_X_Variance": 4932.19820829859,
    "Avg_Centroid_Y_Mean": 203.7619546167682,
    "Avg_Centroid_Y_Median": 166.85872956498923,
    "Avg_Centroid_Y_Min": 86.27196800941698,
    "Avg_Centroid_Y_Max": 343.20710203088896,
    "Avg_Centroid_Y_Range": 256.935134021472,
    "Avg_Centroid_Y_Std": 94.34616659285066,
    "Avg_Centroid_Y_Variance": 8901.19915076593,
    "Avg_Slope_Mean": 0.5263067197895422,
    "Avg_Slope_Median": 0.5275898520084567,
    "Avg_Slope_Min": 0.5089655172413793,
    "Avg_Slope_Max": 0.5633802816901409,
    "Avg_Slope_Range": 0.05441476444876159,
    "Avg_Slope_Std": 0.015272509980224915,
    "Avg_Slope_Variance": 0.00023324956109606963,
    "Avg_Curvature_Mean": 1.9988142309570736,
    "Avg_Curvature_Median": 2.0385075522656795,
    "Avg_Curvature_Min": 1.64,
    "Avg_Curvature_Max": 2.388349514563106,
    "Avg_Curvature_Range": 0.7483495145631063,
    "Avg_Curvature_Std": 0.1933361962614355,
    "Avg_Curvature_Variance": 0.037378884784840305,
    "Avg_Orientation_Mean": 59.09636076971146,
    "Avg_Orientation_Median": 52.06870905872543,
    "Avg_Orientation_Min": 22.458509777482067,
    "Avg_Orientation_Max": 89.8330686683477,
    "Avg_Orientation_Range": 67.37455889086564,
    "Avg_Orientation_Std": 24.99935768253041,
    "Avg_Orientation_Variance": 624.9678845390921,
    "Avg_Entropy_Mean": 0.030389467070826702,
    "Avg_Entropy_Median": 0.027438577662796948,
    "Avg_Entropy_Min": 0.0089223217072444,
    "Avg_Entropy_Max": 0.0612877167175087,
    "Avg_Entropy_Range": 0.0523653950102643,
    "Avg_Entropy_Std": 0.017455784180571615,
    "Avg_Entropy_Variance": 0.00030470440135869426,
    "Avg_Fractal_Dimension_Mean": 0.9539331819136663,
    "Avg_Fractal_Dimension_Median": 0.8597897260810086,
    "Avg_Fractal_Dimension_Min": 0.7216146189716869,
    "Avg_Fractal_Dimension_Max": 1.2483247642924729,
    "Avg_Fractal_Dimension_Range": 0.526710145320786,
    "Avg_Fractal_Dimension_Std": 0.17196163667937892,
    "Avg_Fractal_Dimension_Variance": 0.029570804489450715,
    "Avg_Circularity_Mean": 0.2484154869405578,
    "Avg_Circularity_Median": 0.23714781802542506,
    "Avg_Circularity_Min": 0.0729641923621198,
    "Avg_Circularity_Max": 0.5214755760616805,
    "Avg_Circularity_Range": 0.4485113836995607,
    "Avg_Circularity_Std": 0.11403221631878584,
    "Avg_Circularity_Variance": 0.013003346358574365,
    "Avg_Rect_Length_Mean": 14.603885561465772,
    "Avg_Rect_Length_Median": 9.572970124937239,
    "Avg_Rect_Length_Min": 3.910773605892533,
    "Avg_Rect_Length_Max": 38.0,
    "Avg_Rect_Length_Range": 34.08922639410747,
    "Avg_Rect_Length_Std": 11.270299411888844,
    "Avg_Rect_Length_Variance": 127.01964883362204,
    "Avg_Rect_Width_Mean": 23.026477609724076,
    "Avg_Rect_Width_Median": 16.438782453536987,
    "Avg_Rect_Width_Min": 5.769956544825905,
    "Avg_Rect_Width_Max": 72.26445770263672,
    "Avg_Rect_Width_Range": 66.49450115781082,
    "Avg_Rect_Width_Std": 18.595683944764193,
    "Avg_Rect_Width_Variance": 345.7994613735608,
    "Avg_Convex_Hull_Area_Mean": 608.542289876477,
    "Avg_Convex_Hull_Area_Median": 361.75,
    "Avg_Convex_Hull_Area_Min": 127.64473684210526,
    "Avg_Convex_Hull_Area_Max": 2046.5,
    "Avg_Convex_Hull_Area_Range": 1918.8552631578948,
    "Avg_Convex_Hull_Area_Std": 536.8745936702262,
    "Avg_Convex_Hull_Area_Variance": 288234.32932857046,
    "Avg_Convex_Hull_Perimeter_Mean": 62.70010896762837,
    "Avg_Convex_Hull_Perimeter_Median": 41.83329650972571,
    "Avg_Convex_Hull_Perimeter_Min": 16.406420478695317,
    "Avg_Convex_Hull_Perimeter_Max": 178.15757775306702,
    "Avg_Convex_Hull_Perimeter_Range": 161.7511572743717,
    "Avg_Convex_Hull_Perimeter_Std": 48.82914640783653,
    "Avg_Convex_Hull_Perimeter_Variance": 2384.2855389179354,
    "Hu_Moment_1_Mean": 0.33150238504686375,
    "Hu_Moment_1_Median": 0.19312407499842082,
    "Hu_Moment_1_Min": 0.0589903295561668,
    "Hu_Moment_1_Max": 0.8651117736638358,
    "Hu_Moment_1_Range": 0.8061214441076691,
    "Hu_Moment_1_Std": 0.26014054626146,
    "Hu_Moment_1_Variance": 0.0676731038092108,
    "Hu_Moment_2_Mean": 0.45009720514105844,
    "Hu_Moment_2_Median": 0.040401883871873254,
    "Hu_Moment_2_Min": 0.0016163295451516,
    "Hu_Moment_2_Max": 3.658021738622652,
    "Hu_Moment_2_Range": 3.6564054090775007,
    "Hu_Moment_2_Std": 0.950283207426994,
    "Hu_Moment_2_Variance": 0.9030381743177353,
    "Hu_Moment_3_Mean": 1.8839491601273013,
    "Hu_Moment_3_Median": 0.01239925780871505,
    "Hu_Moment_3_Min": 8.67317522843061e-06,
    "Hu_Moment_3_Max": 18.668807879747774,
    "Hu_Moment_3_Range": 18.668799206572547,
    "Hu_Moment_3_Std": 4.952930584083783,
    "Hu_Moment_3_Variance": 24.53152137075253,
    "Hu_Moment_4_Mean": 0.7691317097110161,
    "Hu_Moment_4_Median": 0.024037553951362648,
    "Hu_Moment_4_Min": 4.184302296723258e-07,
    "Hu_Moment_4_Max": 6.453305153976508,
    "Hu_Moment_4_Range": 6.453304735546278,
    "Hu_Moment_4_Std": 1.7700020636141491,
    "Hu_Moment_4_Variance": 3.1329073051983465,
    "Hu_Moment_5_Mean": 99.53725149514217,
    "Hu_Moment_5_Median": 0.0038175085068055,
    "Hu_Moment_5_Min": -5.825270193682026e-10,
    "Hu_Moment_5_Max": 815.5937373751359,
    "Hu_Moment_5_Range": 815.5937373757184,
    "Hu_Moment_5_Std": 247.7190687487071,
    "Hu_Moment_5_Variance": 61364.73702172667,
    "Hu_Moment_6_Mean": 3.3683463498433928,
    "Hu_Moment_6_Median": 0.00842317246884485,
    "Hu_Moment_6_Min": -1.3457001866359076e-06,
    "Hu_Moment_6_Max": 43.61488086679336,
    "Hu_Moment_6_Range": 43.61488221249354,
    "Hu_Moment_6_Std": 11.182177305676932,
    "Hu_Moment_6_Variance": 125.04108929559621,
    "Hu_Moment_7_Mean": 10.839419577940319,
    "Hu_Moment_7_Median": 5.813015397357107e-10,
    "Hu_Moment_7_Min": -0.2927890180602117,
    "Hu_Moment_7_Max": 151.93196700516975,
    "Hu_Moment_7_Range": 152.22475602322996,
    "Hu_Moment_7_Std": 39.132125380454696,
    "Hu_Moment_7_Variance": 1531.3232367916264,
    "Zernike_Moment_1_Mean": 0.31830988618379025,
    "Zernike_Moment_1_Median": 0.31830988618378986,
    "Zernike_Moment_1_Min": 0.3183098861837873,
    "Zernike_Moment_1_Max": 0.3183098861837928,
    "Zernike_Moment_1_Range": 5.495603971894525e-15,
    "Zernike_Moment_1_Std": 1.3730296000836638e-15,
    "Zernike_Moment_1_Variance": 1.885210282705906e-30,
    "Zernike_Moment_2_Mean": 0.05427160553851184,
    "Zernike_Moment_2_Median": 0.04447922489222855,
    "Zernike_Moment_2_Min": 6.585766451253163e-16,
    "Zernike_Moment_2_Max": 0.15576574417729,
    "Zernike_Moment_2_Range": 0.15576574417728933,
    "Zernike_Moment_2_Std": 0.048962100515632205,
    "Zernike_Moment_2_Variance": 0.0023972872869028714,
    "Zernike_Moment_3_Mean": 0.15131532745892146,
    "Zernike_Moment_3_Median": 0.08791407875562984,
    "Zernike_Moment_3_Min": 0.0095594508579591,
    "Zernike_Moment_3_Max": 0.536272478407295,
    "Zernike_Moment_3_Range": 0.5267130275493359,