模型,AUC,C-index
ADASYN过采样,0.5406956110256713,0.54189318835945
样本权重,0.5622264284869277,0.559748427672956
